<?xml version="1.0" encoding="utf-8"?>
<edmx:Edmx Version="3.0" xmlns:edmx="http://schemas.microsoft.com/ado/2009/11/edmx">
 <!-- EF Designer content (DO NOT EDIT MANUALLY BELOW HERE) -->
  <edmx:Designer xmlns="http://schemas.microsoft.com/ado/2009/11/edmx">
    <!-- Diagram content (shape and connector positions) -->
    <edmx:Diagrams>
      <Diagram DiagramId="dc8c8026277547a981aee1bbd561667b" Name="Diagram1">
        <EntityTypeShape EntityType="DoctoradoModel.admonacad" Width="1.5" PointX="5.75" PointY="4.75" IsExpanded="true" />
        <EntityTypeShape EntityType="DoctoradoModel.estudiante" Width="1.5" PointX="3" PointY="4.875" IsExpanded="true" />
        <EntityTypeShape EntityType="DoctoradoModel.imparte" Width="1.5" PointX="3" PointY="1" IsExpanded="true" />
        <EntityTypeShape EntityType="DoctoradoModel.inscribe" Width="1.5" PointX="5.25" PointY="1" IsExpanded="true" />
        <EntityTypeShape EntityType="DoctoradoModel.profesore" Width="1.5" PointX="0.75" PointY="1" IsExpanded="true" />
        <EntityTypeShape EntityType="DoctoradoModel.seminario" Width="1.5" PointX="0.75" PointY="5.125" IsExpanded="true" />
        <EntityTypeShape EntityType="DoctoradoModel.database_firewall_rules" Width="1.5" PointX="7.75" PointY="0.75" IsExpanded="true" />
        <AssociationConnector Association="DoctoradoModel.FK__inscribe__cod_e__656C112C" ManuallyRouted="false" />
        <AssociationConnector Association="DoctoradoModel.FK__imparte__cod_s__628FA481" ManuallyRouted="false" />
        <AssociationConnector Association="DoctoradoModel.FK__imparte__id_p__6383C8BA" ManuallyRouted="false" />
        <AssociationConnector Association="DoctoradoModel.FK__inscribe__6477ECF3" ManuallyRouted="false" />
      </Diagram>
    </edmx:Diagrams>
  </edmx:Designer>
</edmx:Edmx>